,Date,Low,Open,Volume,High,Close,Adjusted Close,roi
0,1980-03-31,0.4439272772182118,0.040145454081622,45454.454545454544,0.4671999974684281,0.4439272772182118,0.1381046338514847,
1,1980-04-30,0.5357714323770433,0.0,59895.76190476191,0.5613714215301332,0.5357714323770433,0.1666771350871948,0.20689024284613433
2,1980-05-31,0.6305523713429769,0.0286476186343601,251209.14285714287,0.6549333362352281,0.6305523713429769,0.1961632612205687,0.1769056452641129
3,1980-06-30,0.6482285715284801,0.0301714284079415,183407.7142857143,0.6726095335824149,0.6482285715284801,0.2016622778915223,0.028032857104523856
4,1980-07-31,0.6251636472615328,0.0,35955.13636363636,0.6408727277408947,0.6251636472615328,0.1944868564605712,-0.03558137647741377
5,1980-08-31,0.5628952440761384,0.0255999990871974,43247.66666666666,0.5766095292000544,0.5628952440761384,0.1751152873039245,-0.09960348739851188
6,1980-09-30,0.5784380946840558,0.0533333335603986,96819.19047619047,0.5936761924198696,0.5784380946840558,0.1799506140606743,0.02761224808635787
7,1980-10-31,0.7234782472900723,0.0,260359.91304347827,0.741008706714796,0.7234782472900723,0.2250722400520158,0.2507444957988736
8,1980-11-30,0.7527111272017161,0.0,55121.444444444445,0.7690666715304056,0.7527111272017161,0.2341664739780955,0.04040584447010431
9,1980-12-31,0.6973090930418535,0.0674909082326022,48561.681818181816,0.7136000015518882,0.6973090930418535,0.2169310416687618,-0.07360333021432419
10,1981-01-31,0.6263619065284729,0.0316952381815229,47284.09523809524,0.6435809561184475,0.6263619065284729,0.1948595912683577,-0.10174408526607093
11,1981-02-28,0.5570526279901203,0.0884210530080293,31167.526315789477,0.5802105288756522,0.5570526279901203,0.173297630328881,-0.11065383437955523
12,1981-03-31,0.5490909164602106,0.0490909083323045,14630.363636363636,0.5712727335366335,0.5490909164602106,0.1708207333629781,-0.014292734189165213
13,1981-04-30,0.4971428513526916,0.0708571416991097,28199.14285714286,0.5165714337712243,0.4971428513526916,0.1546598679962612,-0.09460716535138958
14,1981-05-31,0.4964000001549721,0.1244000002741813,21327.9,0.513200007379055,0.4964000001549721,0.1544287115335464,-0.0014946117936708303
15,1981-06-30,0.4970909072594209,0.0676363638856194,26704.31818181818,0.5120000039989298,0.4970909072594209,0.1546436832709745,0.0013920451403972578
16,1981-07-31,0.4945454502647573,0.0221818184310739,47087.77272727273,0.5138181813738563,0.4945454502647573,0.1538518084721131,-0.005120641089968236
17,1981-08-31,0.4563809548105512,0.0712380948520842,36979.0,0.4754285727228437,0.4563809548105512,0.1419789620808192,-0.07717066513030924
18,1981-09-30,0.3999999974455152,0.0380952372437431,26562.285714285717,0.4163809560594104,0.3999999974455152,0.1244389577990486,-0.12353945982353531
19,1981-10-31,0.4021818136627024,0.0549090897495096,41903.27272727273,0.4167272746562957,0.4021818136627024,0.1251176822591911,0.0054542763146452344
20,1981-11-30,0.4115999996662139,0.0615999996662139,26562.35,0.4252000018954277,0.4115999996662139,0.1280476719141006,0.02341787029622089
21,1981-12-31,0.4254545474594289,0.0574545453895222,25567.90909090909,0.4429090917110442,0.4254545474594289,0.1323577893728559,0.03366025632739866
22,1982-01-31,0.4684000074863433,0.0436000004410743,46562.2,0.4896000027656555,0.4684000074863433,0.1457180246710777,0.10094030250524666
23,1982-02-28,0.4496842120823107,0.2088421065556375,15789.315789473683,0.46147368456188,0.4496842120823107,0.1398956203146984,-0.0399566516875447
24,1982-03-31,0.3833043484584145,0.1050434786340464,25407.478260869564,0.3986086962015732,0.3833043484584145,0.1192449927330016,-0.14761453957774195
25,1982-04-30,0.4129523819401151,0.0780952374140421,26339.09523809524,0.4300952397641681,0.4129523819401151,0.1284684134381157,0.0773484948400811
26,1982-05-31,0.4195999979972838,0.0415999993681907,62968.35,0.4332000017166137,0.4195999979972838,0.1305364705622195,0.01609778675362894
27,1982-06-30,0.40690908648751,0.0934545438398014,52343.59090909091,0.4203636348247527,0.40690908648751,0.1265883347527547,-0.03024546161283692
28,1982-07-31,0.4266666670640309,0.1420952379703521,11234.952380952382,0.4369523837452843,0.4266666670640309,0.132734919587771,0.04855569707130991
29,1982-08-31,0.4130909050052815,0.1127272708849473,29332.227272727272,0.4236363606019452,0.4130909050052815,0.1285114830190485,-0.03181857932968246
30,1982-09-30,0.4354285796483357,0.145904765242622,81993.95238095238,0.4476190507411957,0.4354285796483357,0.1354607457206362,0.05407503312803308
31,1982-10-31,0.4460952480634053,0.1268571444920131,14062.285714285714,0.4582857063838413,0.4460952480634053,0.1387790902739478,0.024496724388001656
32,1982-11-30,0.5085714345886594,0.0,26413.52380952381,0.5268571405183702,0.5085714345886594,0.158215249578158,0.14005106436310766
33,1982-12-31,0.6014545505697076,0.0,43607.63636363636,0.6214545477520336,0.6014545505697076,0.1871109787713397,0.18263555043034763
34,1983-01-31,0.6681904594103495,0.0319999995685759,70014.57142857143,0.680761904943557,0.6681904594103495,0.2078723190795807,0.1109573604102223
35,1983-02-28,0.7402105205937436,0.0791578920263993,33141.21052631579,0.757894732450184,0.7402105205937436,0.2302776120210948,0.10778391774681939
36,1983-03-31,0.7453913066698157,0.1297391316165095,19157.434782608696,0.760347825029622,0.7453913066698157,0.2318893139776975,0.006998952014731774
37,1983-04-30,0.7680000096559525,0.0,53202.8,0.7839999854564667,0.7680000096559525,0.2389227822422981,0.03033114438933171
38,1983-05-31,0.871238092581431,0.0,130431.33333333331,0.888380956082117,0.871238092581431,0.271039822271892,0.13442435136647268
39,1983-06-30,0.9105454602024772,0.0,43181.545454545456,0.925454546104778,0.9105454602024772,0.2832683053883639,0.045116924199444686
40,1983-07-31,0.7767999976873398,0.0351999998092651,45156.05,0.7955999910831452,0.7767999976873398,0.2416605234146117,-0.14688470676840282
41,1983-08-31,0.7620869589888531,0.1001739139142243,23505.260869565216,0.779478264891583,0.7620869589888531,0.2370832640191782,-0.018940865188727507
42,1983-09-30,0.7607618910925729,0.1439999966394333,16964.095238095237,0.7763809533346266,0.7607618910925729,0.2366710986409868,-0.0017384836500229373
43,1983-10-31,0.7192381052743821,0.0358095225833711,67782.47619047618,0.7363809517451695,0.7192381052743821,0.2237531145413716,-0.05458200926852863
44,1983-11-30,0.6853333512941996,0.163809529372624,30282.52380952381,0.6979047656059265,0.6853333512941996,0.2132054893743423,-0.04713956803975139
45,1983-12-31,0.6327619070098514,0.0,65847.95238095238,0.6472380814098176,0.6327619070098514,0.1968506148883274,-0.07670944371089494
46,1984-01-31,0.6601904659044175,0.1569523782957168,19568.285714285717,0.6739047652199155,0.6601904659044175,0.2053835576488857,0.0433473005171916
47,1984-02-29,0.6723999917507172,0.2015999972820282,32499.85,0.6840000122785568,0.6723999917507172,0.2091819040477275,0.018493916661699306
48,1984-03-31,0.7025454667481509,0.2240000042048367,15411.772727272728,0.7181818268515847,0.7025454667481509,0.218560101633722,0.04483273841820834
49,1984-04-30,0.716400021314621,0.3580000102519989,4140.55,0.7260000109672546,0.716400021314621,0.2228701680898666,0.019720280252100597
50,1984-05-31,0.7192727300253782,0.3276363665407354,19176.0,0.7280000096017664,0.7192727300253782,0.2237638634714213,0.004009937216874926
51,1984-06-30,0.6986666719118754,0.0990476210912068,20981.85714285714,0.7158095382508778,0.6986666719118754,0.2173534404663812,-0.028648160188112004
52,1984-07-31,0.7085714340209961,0.134857143674578,18080.23809523809,0.7241904820714679,0.7085714340209961,0.2204347444432121,0.014176467463405507
53,1984-08-31,0.7446956375370855,0.1586086931435958,33016.086956521736,0.760347817255103,0.7446956375370855,0.2316729445820269,0.05098198184320246
54,1984-09-30,0.7566315625843248,0.3178947285601967,6085.421052631579,0.7692631514448869,0.7566315625843248,0.2353862414234563,0.01602818511297799
55,1984-10-31,0.7839999846790148,0.3398260785185772,16100.434782608696,0.7958260852357616,0.7839999846790148,0.2439004066197768,0.03617104017988737
56,1984-11-30,0.8609523971875509,0.2464761961074102,14508.761904761905,0.871619042896089,0.8609523971875509,0.2678402193955012,0.098154050284323
57,1984-12-31,0.8632000118494034,0.1716000020503997,45546.7,0.8788000047206879,0.8632000118494034,0.2685394182801246,0.0026105074368647507
58,1985-01-31,0.8912727345119823,0.1614545475352894,23721.36363636364,0.9058181778951124,0.8912727345119823,0.2772725549611178,0.0325208743540335
59,1985-02-28,1.150315799211201,0.0,196463.57894736843,1.1806315748315108,1.1595789570557444,0.3607419619434758,0.3010373925903449
60,1985-03-31,1.252571429525103,0.0,57737.90476190476,1.2727619239262171,1.2662857203256517,0.3939382362933386,0.09202221491234286
61,1985-04-30,1.2921904893148513,0.173714280128479,71279.61904761905,1.3230476209095543,1.315809516679673,0.409344942796798,0.03910944682198125
62,1985-05-31,1.5927272709933191,0.1512727303938432,32244.0,1.616727281700481,1.6054545532573352,0.4994526478377255,0.22012658670039476
63,1985-06-30,1.7004000008106233,0.0,55234.0,1.734799998998642,1.7180000066757202,0.5344653010368348,0.07010204741268078
64,1985-07-31,1.7632726214148782,0.0763636339794505,60298.045454545456,1.8018182516098025,1.7869090708819302,0.5559027601372112,0.040110104545213465
65,1985-08-31,1.6848484060981057,0.0,531945.7272727273,1.7303031141107732,1.7036363048986956,0.5299967933784832,-0.046601615635680216
66,1985-09-30,1.544561317092494,0.0821052601462916,152960.31578947368,1.5859650498942326,1.5621052102038735,0.4859668408569537,-0.08307588474424343
67,1985-10-31,1.5443478667217752,0.0684057836947233,103532.30434782608,1.5837679583093394,1.568115877068561,0.487836726333784,0.00384776350899374
68,1985-11-30,1.7793334066867827,0.0,296109.15,1.854000097513199,1.825333333015442,0.5678564697504044,0.16402976466734875
69,1985-12-31,1.8317459537869407,0.0,169598.0,1.8806349549974717,1.8660317659378047,0.5805176212674096,0.022296393880253396
70,1986-01-31,1.9654545296322217,0.0,192144.54545454544,2.0303030881014736,2.0072726878252896,0.6244572265581652,0.07569039023281476
71,1986-02-28,2.486315551557039,0.0,80772.73684210527,2.550175453487196,2.5256139855635795,0.785712088409223,0.2582320373484184
72,1986-03-31,2.8426666855812077,0.0,140062.25,2.933999943733215,2.873999965190888,0.8940940260887146,0.13794103371748423
73,1986-04-30,2.867272604595531,0.0,113905.95454545454,2.932121363553134,2.901818188753995,0.9027479887008668,0.009679029676565198
74,1986-05-31,2.8984127158210398,0.0,107812.28571428572,2.971428632736206,2.9365079629988897,0.9135400851567588,0.011954716699422052
75,1986-06-30,2.798730044137864,0.0,76249.76190476191,2.852698462350028,2.8215873014359247,0.8777885068030584,-0.039135204830738846
76,1986-07-31,2.724242416295138,0.0,66704.45454545454,2.7887878743084995,2.7530302459543403,0.8564605929634788,-0.024297326376779282
77,1986-08-31,2.827619109834944,0.0,35922.619047619046,2.906666664850144,2.866666702997117,0.8918126764751616,0.04127695284771882
78,1986-09-30,2.5733333315168108,0.0,43363.09523809524,2.670476186843145,2.6066666557675315,0.810927342800867,-0.09069767206493329
79,1986-10-31,2.5217391200687573,0.1130434741144594,83994.56521739131,2.576521717983744,2.546086943667868,0.7920813094014707,-0.023240101060477025
80,1986-11-30,2.612631609565333,0.1410526350924843,127335.52631578948,2.6526315965150533,2.6368421378888582,0.8203149688871283,0.035644900530467094
81,1986-12-31,2.3636363527991557,0.0,73494.31818181818,2.437272732908076,2.388181827285073,0.7429573725570332,-0.09430230980063847
82,1987-01-31,2.3314285618918285,0.0,111339.28571428572,2.4076190221877325,2.3742857092902776,0.7386341918082464,-0.005818881282391386
83,1987-02-28,2.6368421378888582,0.0,290296.05263157893,2.746315805535568,2.716842111788298,0.8452026436203405,0.1442777128299524
84,1987-03-31,3.0099999687888404,0.0,219431.81818181815,3.1154545545578003,3.0636363354596226,0.9530893835154448,0.12764600384232394
85,1987-04-30,2.814285721097673,0.0,104613.09523809524,2.9066666534968784,2.8685714176722934,0.8924052176021394,-0.06367101235507777
86,1987-05-31,2.5240000009536745,0.0,69468.75,2.645999991893768,2.56800000667572,0.798898309469223,-0.10478077255550577
87,1987-06-30,2.3336363380605523,0.0,36420.454545454544,2.377272746779702,2.353636384010315,0.7330984608693556,-0.08236323424389758
88,1987-07-31,2.2518181692470205,0.0,60142.045454545456,2.315454548055476,2.2890909043225376,0.7160471650687131,-0.023259216477445555
89,1987-08-31,2.2895238058907643,0.0,121428.57142857143,2.355238153820946,2.324761958349318,0.727205407051813,0.01558311034166171
90,1987-09-30,2.1847618988582065,0.0,48422.619047619046,2.24476188705081,2.213333322888329,0.6932659262702578,-0.04667110619976045
91,1987-10-31,1.676363625309684,0.0,142869.31818181818,1.8127272508361123,1.7318181558088823,0.5449569035660137,-0.21392804273843458
92,1987-11-30,1.4700000226497651,0.0,129281.25,1.5369999825954437,1.4990000069141387,0.4716951504349708,-0.13443586575680155
93,1987-12-31,1.3727272803133184,0.1327272761951793,92698.86363636365,1.431818198073994,1.407272739843889,0.4437938264825126,-0.05915117831236805
94,1988-01-31,1.524999988079071,1.5610000014305114,41250.0,1.5770000100135804,1.5580000162124634,0.4947204023599624,0.11475278122071075
95,1988-02-29,1.447000002861023,1.4680000007152558,40500.0,1.49099999666214,1.464999997615814,0.4651894897222519,-0.059692126091504094
96,1988-03-31,1.6721738991530046,1.7043478177941365,73016.30434782608,1.7295652213303938,1.695652179096056,0.5393116733302241,0.1593376145540777
97,1988-04-30,1.687000000476837,1.7119999945163726,52531.25,1.7269999980926514,1.7039999902248382,0.5451854825019836,0.010891307313058984
98,1988-05-31,1.4304762000129336,1.4485714378811063,30327.380952380958,1.4600000040871757,1.4419047662190028,0.4613295027187892,-0.1538118355579825
99,1988-06-30,1.497272719036449,1.5090908950025386,22897.727272727272,1.527272712100636,1.5181817954236811,0.4866555753079327,0.054898012028034904
100,1988-07-31,1.4560000121593475,1.4830000042915343,61281.25,1.4980000019073487,1.4800000071525574,0.4774352371692657,-0.018946332080615247
101,1988-08-31,1.3947825898294863,1.410434769547504,60000.0,1.4304347919381184,1.4139130322829536,0.4561161178609598,-0.04465342657720017
102,1988-09-30,1.340952407746088,1.3580952542168754,23988.09523809524,1.374285720643543,1.3552381140845162,0.4382962400004977,-0.03906873088377505
103,1988-10-31,1.3571428741727556,1.3733333349227903,18065.47619047619,1.3838095154081071,1.368571434702192,0.446214123850777,0.01806514208351473
104,1988-11-30,1.2485714242571877,1.266666679155259,38601.19047619047,1.2857142970675517,1.260952393213908,0.4111255123501732,-0.0786362636794038
105,1988-12-31,1.1866666702997115,1.2057142882120042,42142.857142857145,1.2314285721097673,1.2123809655507405,0.3964322464806692,-0.03573912449633898
106,1989-01-31,1.234285729272025,1.2419047696249823,22023.809523809523,1.262857130595616,1.253333330154419,0.4136898049286434,0.04353217630800299
107,1989-02-28,1.317894741108543,1.3336842185572575,46217.10526315789,1.3642105366054331,1.3442105494047467,0.4436857935629393,0.07250840672631487
108,1989-03-31,1.4036363525824114,1.4245454560626636,74545.45454545454,1.4372727491638877,1.4181818149306558,0.4691714346408844,0.05744074173141134
109,1989-04-30,1.369000005722046,1.38299999833107,17312.5,1.3929999887943267,1.3849999964237214,0.4618326187133789,-0.015642077470302107
110,1989-05-31,1.222727277062156,1.2481818307529795,32784.09090909091,1.2645454515110364,1.2427272688258777,0.4143912697380239,-0.10272411920041935
111,1989-06-30,1.1981818134134463,1.2136363712224094,25965.90909090909,1.2281818389892578,1.2081818255511196,0.4039546657692302,-0.025185385723477394
112,1989-07-31,1.3210000038146972,1.330000001192093,75437.5,1.3549999952316285,1.339000004529953,0.4518267288804054,0.11850850396792634
113,1989-08-31,1.3739130548808889,1.391304347826087,27282.60869565217,1.4104347747305166,1.3913043530090996,0.4694761452467545,0.039062355629298606
114,1989-09-30,1.3670000076293944,1.3769999980926513,23843.75,1.385999995470047,1.3790000021457671,0.4667229250073433,-0.005864451830591144
115,1989-10-31,1.26272728768262,1.2881818251176314,37272.72727272727,1.3100000023841858,1.2881818196990271,0.4399318667975339,-0.0574024903734649
116,1989-11-30,1.3247619072596233,1.3438095251719158,35238.09523809524,1.3695237977164132,1.3504761854807537,0.4612061523255847,0.048358137097265
117,1989-12-31,1.386999994516373,1.4099999904632567,26281.25,1.426999998092651,1.4049999952316283,0.48117705732584,0.04330147136926521
118,1990-01-31,1.385454535484314,1.3945454521612688,16164.772727272728,1.408181824467399,1.3999999978325584,0.4836466136303814,0.00513232347000514
119,1990-02-28,1.5315789548974288,1.5505263303455554,63322.36842105263,1.5726315912447475,1.5568421200702065,0.5378295920397106,0.11203009983387902
120,1990-03-31,1.5681818344376304,1.5763636448166587,21590.90909090909,1.584545460614291,1.5781818303194912,0.5464578758586537,0.016042783711882613
121,1990-04-30,1.621000015735626,1.6460000038146974,57781.25,1.6670000076293945,1.645000010728836,0.5741738229990005,0.05071927474152793
122,1990-05-31,1.8309090733528135,1.8599999980493025,58892.045454545456,1.8872727264057507,1.8636363582177595,0.6504869244315408,0.132909405437442
123,1990-06-30,2.0790475947516307,2.115238064811343,62113.09523809524,2.153333300635928,2.114285684767224,0.7393168721880231,0.1365591596389284
124,1990-07-31,2.1285714308420816,2.1533333914620534,27261.904761904763,2.174285786492484,2.147619088490804,0.755476733048757,0.02185782777134304
125,1990-08-31,1.894782595012499,1.9173912950184036,27934.78260869565,1.934782598329627,1.914782596671063,0.6735707158627717,-0.10841633316151267
126,1990-09-30,1.6684210363187288,1.6968420932167454,23026.315789473683,1.7063157809408087,1.6831578831923637,0.5936899436147589,-0.11859300050729515
127,1990-10-31,1.6408695604490198,1.653043472248575,14782.608695652174,1.6747825871343198,1.662608680517777,0.5912072114322496,-0.004181866661565503
128,1990-11-30,1.8247619015829903,1.8342857020241876,16071.42857142857,1.852380945568993,1.842857145127796,0.6553018121492296,0.10841309016124034
129,1990-12-31,2.1429999709129333,2.162999951839447,32656.25,2.190999960899353,2.168999969959259,0.7728573024272919,0.17939137066096178
130,1991-01-31,2.106363616206429,2.136363598433408,69715.90909090909,2.1718181480060923,2.145454525947571,0.7688374031673778,-0.0052013473215416495
131,1991-02-28,2.302105301304868,2.323157912806461,106019.73684210528,2.357894734332436,2.3373684381183826,0.8376108533457706,0.08945122843278286
132,1991-03-31,2.499000000953674,2.5109999895095827,50156.25,2.5459999561309816,2.5209999799728395,0.9049545437097548,0.08039973466793704
133,1991-04-30,2.513636350631714,2.54272723197937,70170.45454545454,2.5590908527374268,2.5299999713897705,0.9129178551110354,0.008799681107336088
134,1991-05-31,2.3227272033691406,2.339999935843728,40482.954545454544,2.357272679155523,2.339999946680936,0.8443587530742992,-0.07509887297406137
135,1991-06-30,2.278999948501587,2.294999957084656,59031.25,2.303999960422516,2.285999953746796,0.8264007598161698,-0.021268202873179876
136,1991-07-31,2.026363594965501,2.04818177765066,35823.86363636364,2.068181785670194,2.044545412063598,0.7434871792793274,-0.10033095874123621
137,1991-08-31,2.217272715135054,2.2363636168566616,38295.454545454544,2.248181798241355,2.238181807778098,0.8139017468149011,0.09470851616275011
138,1991-09-30,2.355999934673309,2.357999932765961,28593.75,2.37299998998642,2.36599999666214,0.862150889635086,0.0592812867265633
139,1991-10-31,2.429565232733021,2.4391304721002998,18505.434782608696,2.455652195474376,2.441739154898602,0.8952072936555614,0.038341784968135784
140,1991-11-30,2.5429999589920045,2.5519999504089355,44312.5,2.564999938011169,2.5519999504089355,0.93563192486763,0.04515672682580085
141,1991-12-31,2.4990476199558804,2.508571431750343,21755.95238095238,2.520952372323899,2.5133333319709417,0.9231710802941095,-0.013318105381326495
142,1992-01-31,2.7172727584838867,2.72909093986858,67698.86363636363,2.760909113016996,2.7472727623852817,1.014957213943655,0.09942483642393074
143,1992-02-29,3.127368425068102,3.1431579213393364,48388.15789473684,3.16631585673282,3.1463158256129216,1.1623800365548385,0.14525028305219534
144,1992-03-31,3.1690909429029985,3.191818204793063,23579.545454545456,3.209090926430442,3.1900000247088345,1.1801104653965344,0.01525355588026689
145,1992-04-30,2.95047622635251,2.975238118852888,25773.809523809523,2.9923809937068397,2.969523861294701,1.1037297589438302,-0.06472335318799094
146,1992-05-31,2.9860000252723693,3.006000018119812,38375.0,3.0200000286102293,3.012000024318695,1.1195176362991337,0.014304114958729741
147,1992-06-30,3.235454548488964,3.257272731174122,26278.40909090909,3.274545452811501,3.2518181909214365,1.2102373025634072,0.0810346021561319
148,1992-07-31,3.209090915593234,3.222727277062156,12642.045454545454,3.241818189620972,3.2263636480678213,1.206127112562006,-0.0033961851883884675
149,1992-08-31,3.3495237940833684,3.360952377319336,24047.61904761905,3.375238123394194,3.360952388672602,1.2564411333629064,0.04171535510384583
150,1992-09-30,3.132380962371826,3.158095257622855,47767.857142857145,3.179999998637608,3.157142854872204,1.1821225938342868,-0.05915003700149779
151,1992-10-31,3.342727238481695,3.349999958818609,22414.772727272728,3.366363601251082,3.356363599950617,1.262883571061221,0.06831861403222228
152,1992-11-30,3.6860000491142273,3.699000036716461,24187.5,3.7220000267028808,3.705000042915344,1.394063127040863,0.10387304022761956
153,1992-12-31,3.9063636606389824,3.922727281397039,13068.181818181818,3.940909082239324,3.926363641565496,1.4791005578908054,0.06099969879445055
154,1993-01-31,4.058999943733215,4.067999935150146,17531.25,4.082999920845031,4.074999928474426,1.5411382913589478,0.04194287747183867
155,1993-02-28,4.364210580524645,4.383157930876079,24078.947368421053,4.4031579368992855,4.384210586547852,1.6580794296766583,0.07587971759146539
156,1993-03-31,4.331304405046546,4.35043482158495,31222.82608695652,4.359130465466043,4.336521791375202,1.641725426134856,-0.009863220813849383
157,1993-04-30,4.113333225250244,4.131428446088519,20892.85714285714,4.142857029324486,4.12666654586792,1.568335703441075,-0.044702799582366004
158,1993-05-31,4.109999895095825,4.118999886512756,63062.5,4.130999875068665,4.119999885559082,1.5658020675182345,-0.0016154933648971914
159,1993-06-30,4.151818037033081,4.15363621711731,18295.454545454544,4.168181657791138,4.159090757369995,1.5824538740244778,0.010634681644427824
160,1993-07-31,4.157142707279751,4.167618887765067,72678.57142857143,4.178095068250384,4.166666507720947,1.5914191632043748,0.005665434757410326
161,1993-08-31,4.047272671352733,4.0618181228637695,86818.18181818182,4.076363563537598,4.062727212905884,1.551720846783031,-0.024945229603374863
162,1993-09-30,3.921904836382185,3.9342857769557407,56875.0,3.951428617749895,3.9380952971322194,1.506163097563244,-0.029359500656471527
163,1993-10-31,3.980952399117606,3.9914285796029225,67976.19047619047,4.0076190403529575,3.993333339691162,1.5339819079353696,0.018469985366878605
164,1993-11-30,4.068571363176618,4.077142783573696,59166.66666666666,4.088571344103132,4.078095163617816,1.5665418306986492,0.021225754094520433
165,1993-12-31,4.220909075303511,4.231818177483299,27443.18181818182,4.245454593138262,4.234545469284058,1.6285837346857244,0.03960437108749626
166,1994-01-31,4.218095291228521,4.260952438626971,58869.04761904762,4.277142944790068,4.241904815038045,1.637959945769537,0.005757279091100687
167,1994-02-28,3.891578988025063,3.9063158160761775,62532.89473684211,3.929473688727931,3.912631599526657,1.5108153882779574,-0.07762372811372098
168,1994-03-31,3.91391310484513,3.933913096137669,49619.5652173913,3.953913077064183,3.933913085771644,1.5209142332491667,0.006684367295676008
169,1994-04-30,3.687368430589375,3.711578946364553,49901.31578947369,3.724210513265509,3.7010526280654106,1.4373719127554645,-0.05492901484341339
170,1994-05-31,3.5119047505514964,3.524761881147112,46339.28571428572,3.545714253471011,3.526666641235352,1.3696464583987282,-0.04711755792340866
171,1994-06-30,3.4236364256251943,3.440909147262573,38125.0,3.4590909481048584,3.4390909671783447,1.337622198191556,-0.023381406209462496
172,1994-07-31,3.440000033378601,3.450000023841858,45062.5,3.471000027656556,3.4600000381469727,1.352562266588211,0.011169124149445153
173,1994-08-31,3.6600000236345376,3.671304381412008,29048.91304347826,3.679130460904992,3.6686956675156304,1.434144217035045,0.060316595000555084
174,1994-09-30,3.5,3.509523800441197,39583.333333333336,3.520952360970633,3.5104761804853166,1.3745024204254153,-0.04158702862738117
175,1994-10-31,3.3828571410406205,3.3971428757622126,19047.61904761905,3.4104762417929515,3.3971428871154785,1.3371596336364746,-0.0271682219209064
176,1994-11-30,3.28190473147801,3.2961904548463368,53779.76190476191,3.308571395419893,3.295238052095686,1.2970485800788516,-0.029997206428180156
177,1994-12-31,3.238095249448504,3.2523809501103,40595.23809523809,3.2676190308162143,3.253333330154419,1.2828397069658553,-0.010954773268502027
178,1995-01-31,3.339047613598052,3.34380951381865,49047.619047619046,3.359999974568685,3.352380934215727,1.329327322187878,0.03623805450485662
179,1995-02-28,3.535789452101055,3.538947343826294,39736.84210526316,3.5599999678762337,3.5547368150008354,1.4095680525428371,0.06036190561621391
180,1995-03-31,3.696521738301153,3.70608695693638,48179.34782608696,3.721739147020423,3.7130434720412544,1.4744152608125105,0.04600502129194117
181,1995-04-30,3.8222368265453137,3.82999997389944,59375.0,3.854736804962158,3.841052607486122,1.5329387815375075,0.039692698712807895
182,1995-05-31,4.003636360168457,4.016363620758057,55596.59090909091,4.032727241516113,4.019999980926514,1.6043550751426003,0.046587831468040575
183,1995-06-30,4.3413636901161885,4.358181888406927,22085.227272727272,4.387272769754583,4.374545465816151,1.747277395291762,0.0890839704773323
184,1995-07-31,4.569375038146973,4.581875038146973,26050.0,4.596249985694885,4.583749985694885,1.8397428095340729,0.05291971068330059
185,1995-08-31,4.443478252576745,4.460869561070981,39630.434782608696,4.4728260869565215,4.452173896457838,1.7869326964668606,-0.02870516073960727
186,1995-09-30,4.449374985694885,4.466874957084656,21500.0,4.477499938011169,4.46499993801117,1.7936492025852204,0.003758678842040286
187,1995-10-31,4.529545437205922,4.540909073569558,44090.90909090909,4.56590910391374,4.556818203492598,1.839621533047069,0.025630614055183187
188,1995-11-30,4.740476290384929,4.7583333651224775,20071.42857142857,4.776190462566557,4.7583333651224775,1.9209746633257183,0.044222753874759935
189,1995-12-31,4.866250014305114,4.883125042915344,34975.0,4.912500023841858,4.893750071525574,1.977239292860031,0.029289626046865136
190,1996-01-31,4.939772735942494,4.959090948104858,39431.81818181818,4.979545506564054,4.967045523903587,2.015929926525463,0.019568007678760324
191,1996-02-29,5.045624995231629,5.062499952316284,26500.0,5.087499976158142,5.070000004768372,2.0577148318290712,0.020727359990942995
192,1996-03-31,5.003571442195347,5.027380920591808,31666.666666666668,5.044047582717169,5.024999959128244,2.040938990456717,-0.008152656098339262
193,1996-04-30,4.811458337874639,4.851190476190476,54380.95238095238,4.870238099779401,4.826934541974749,1.9692031826291765,-0.0351484332275348
194,1996-05-31,4.661363623358986,4.67386362769387,31568.18181818182,4.693181818181818,4.674999995665117,1.907219561663541,-0.03147649847024836
195,1996-06-30,4.711249995231628,4.718749976158142,26650.0,4.742499947547913,4.731874942779541,1.932148814201355,0.013070992474547571
196,1996-07-31,4.730681744488803,4.742045359178023,26840.90909090909,4.752272670919245,4.737499908967451,1.9440575242042544,0.006163453826832699
197,1996-08-31,4.801704558459195,4.81704551523382,59159.09090909091,4.837500052018599,4.822159138592807,1.978797804225575,0.017869985629947127
198,1996-09-30,5.022500014305114,5.030000019073486,39400.0,5.048750019073486,5.04375,2.071461534500122,0.04682829649227971
199,1996-10-31,5.380434741144595,5.392391308494236,22913.043478260868,5.410869598388672,5.397826070370882,2.227193542148756,0.07517977285840094
200,1996-11-30,5.727500009536743,5.73250002861023,74175.0,5.778750038146972,5.772500014305114,2.381787729263306,0.06941210280512955
201,1996-12-31,6.439285709744408,6.464285736992245,200785.7142857143,6.520238058907645,6.495238054366339,2.6816597211928594,0.1259020643381621
202,1997-01-31,6.673863649368286,6.698863679712469,138977.27272727274,6.745454571463845,6.722727255387739,2.7855892181396484,0.03875566169915068
203,1997-02-28,7.056578962426436,7.096052571346886,127315.7894736842,7.124999974903307,7.093421057650917,2.9391875517995736,0.05514033894865
204,1997-03-31,6.781875014305115,6.832499980926514,50000.0,6.857500004768371,6.815000033378601,2.825555074214935,-0.03866118632513427
205,1997-04-30,6.478409095243975,6.504545428536155,31545.454545454544,6.526136333292181,6.501136324622414,2.7053815343163232,-0.042530949403632334
206,1997-05-31,6.50119043531872,6.554761909303212,135142.85714285713,6.597619079408192,6.549999986376081,2.7257154442015152,0.007516096945021422
207,1997-06-30,6.686904770987375,6.716071446736653,106666.66666666669,6.7958333151681085,6.755952380952381,2.813223271142869,0.032104535023093295
208,1997-07-31,7.335227272727272,7.390909086574208,118159.09090909093,7.456818190487948,7.394886341961947,3.090364293618636,0.09851369612877514
209,1997-08-31,7.402976195017497,7.451785700661795,63476.19047619047,7.4958333514985585,7.44523811340332,3.1114063149406794,0.006808912905670539
210,1997-09-30,7.960714226677304,7.99642851239159,106785.71428571428,8.072619006747292,8.027380897885276,3.356624160494124,0.07881254350353784
211,1997-10-31,8.789130418196969,8.865217457646908,97521.73913043478,8.907608778580375,8.822282625281293,3.7006081083546514,0.10247913719654878
212,1997-11-30,8.354605373583341,8.392105303312603,191789.47368421053,8.46907891725239,8.416447338305021,3.5303758696505896,-0.04600115270777749
213,1997-12-31,9.256818121129816,9.297159108248623,102727.27272727272,9.413068121129816,9.361363540996203,3.928494865244085,0.11276957760106665
214,1998-01-31,9.544374990463258,9.6356249332428,91975.0,9.70875005722046,9.636875009536745,4.0548385858535765,0.03216084656932372
215,1998-02-28,9.813815819589715,9.855921092786287,55894.73684210526,9.957894676610044,9.874342115301834,4.154756295053582,0.024641599680094828
216,1998-03-31,10.624999956651168,10.6624999479814,67250.0,10.737500060688363,10.687500043348832,4.498606139963323,0.08276053286665919
217,1998-04-30,10.782142911638532,10.830357142857142,96119.04761904762,10.90654772803897,10.847023827689034,4.5766067277817495,0.017338834606014597
218,1998-05-31,10.524375009536744,10.606875085830689,62050.0,10.646249961853028,10.562500047683717,4.45655927658081,-0.026230667903406557
219,1998-06-30,10.177556731484152,10.235653400421144,34000.0,10.281676075675271,10.218181870200418,4.313168915835294,-0.032175127008639115
220,1998-07-31,10.693181818181818,10.767045454545457,57636.36363636364,10.855113636363637,10.784801136363637,4.565143563530662,0.05841984225803731
221,1998-08-31,9.566220238095235,9.74032738095238,47600.0,9.76860119047619,9.613095238095235,4.069167409624372,-0.10864415258886284
222,1998-09-30,9.04985119047619,9.10342261904762,41180.95238095238,9.252232142857142,9.188244047619047,3.891272896812076,-0.043717668727892844
223,1998-10-31,8.409090909090908,8.512073863636363,41727.27272727273,8.546164772727273,8.448153409090908,3.587995236570185,-0.07793790574039439
224,1998-11-30,8.828125,8.86640625,39220.0,8.94765625,8.9015625,3.7805612802505495,0.05366953716037837
225,1998-12-31,8.434659090909092,8.506392045454545,31018.18181818182,8.567471590909092,8.490767045454545,3.608054767955433,-0.04562986802945934
226,1999-01-31,8.172697368421053,8.211348684210526,39915.78947368421,8.278782894736842,8.234375,3.5114676575911674,-0.026769857049314782
227,1999-02-28,8.076480263157896,8.155427631578947,55578.94736842105,8.182565789473685,8.09375,3.4514988347103723,-0.017077993798733426
228,1999-03-31,7.4415760869565215,7.499320652173913,66678.26086956522,7.576086956521739,7.521059782608695,3.209101428156313,-0.07022960695114933
229,1999-04-30,7.424107142857143,7.468005952380952,93600.0,7.538690476190476,7.478422619047619,3.2029783839271184,-0.001908024525330232
230,1999-05-31,8.3546875,8.37890625,67260.0,8.46640625,8.43671875,3.61341290473938,0.12814152067708773
231,1999-06-30,9.193892045454543,9.225142045454543,47709.09090909091,9.289772727272728,9.252840909090908,3.9650518027218906,0.0973148951566809
232,1999-07-31,9.293154761904765,9.350446428571429,34780.95238095238,9.38095238095238,9.33779761904762,4.014377786999657,0.012440186593251079
233,1999-08-31,8.872159090909092,8.933948863636363,34836.36363636364,8.965198863636363,8.905539772727273,3.828547889536077,-0.046291083531146415
234,1999-09-30,8.326636904761905,8.360863095238095,50723.80952380953,8.406994047619047,8.365327380952381,3.5984878426506404,-0.06009068020651409
235,1999-10-31,7.878720238095238,7.923363095238095,58190.47619047619,7.980654761904762,7.931547619047619,3.424489532198225,-0.04835317446126164
236,1999-11-30,8.587053571428571,8.623511904761905,42552.38095238096,8.671875,8.634672619047619,3.728067761375791,0.08864919174762242
237,1999-12-31,8.393465909090908,8.433238636363637,123200.0,8.468039772727273,8.435369318181818,3.64410196651112,-0.022522604265563184
238,2000-01-31,8.14296875,8.21015625,57500.0,8.25546875,8.18828125,3.5501168847084044,-0.025791013167696164
239,2000-02-29,7.678125,7.7828125,206380.0,7.86015625,7.74765625,3.359079420566559,-0.05381159841939587
240,2000-03-31,7.265625,7.322010869565218,79513.04347826086,7.430706521739131,7.362771739130435,3.1942285869432534,-0.049076194094720416
241,2000-04-30,8.083881578947368,8.142269736842104,41242.10526315789,8.1875,8.142269736842104,3.545529741989939,0.10997996714532765
242,2000-05-31,8.308948863636363,8.345880681818182,48545.454545454544,8.433948863636363,8.399147727272727,3.657386888157238,0.03154878235615044
243,2000-06-30,8.716619318181818,8.781960227272727,39454.545454545456,8.836647727272727,8.777166193181818,3.824283610690724,0.04563277761887985
244,2000-07-31,8.6921875,8.7359375,34320.0,8.790625,8.74375,3.824222242832184,-1.6046890028875715e-05
245,2000-08-31,9.296875,9.326086956521738,34956.52173913043,9.40625,9.367527173913045,4.097040756889012,0.07133960756809499
246,2000-09-30,9.5515625,9.58046875,69160.0,9.61015625,9.5828125,4.193694710731506,0.023591162396901844
247,2000-10-31,9.524857954545457,9.575994318181818,28781.81818181818,9.616477272727272,9.573863636363637,4.2038796598261055,0.0024286338889991654
248,2000-11-30,10.110863095238097,10.172619047619047,31238.09523809524,10.23139880952381,10.17782738095238,4.469080039433071,0.06308467441190646
249,2000-12-31,10.475,10.51484375,51300.0,10.61171875,10.5703125,4.643939638137818,0.039126531000086784
250,2001-01-31,10.97351192292713,11.079315503438314,66971.42857142857,11.199851217724028,11.085714294796896,4.884503364562988,0.05180164799076392
251,2001-02-28,10.896710446006374,10.965921100817228,38231.57894736842,10.98250012648733,10.928552627563477,4.815256093677721,-0.014176931760894074
252,2001-03-31,10.352727369828658,10.405340844934637,24145.454545454544,10.435568159276787,10.393749887293035,4.581866676157171,-0.04846874454444561
253,2001-04-30,9.968625020980834,10.031125020980834,28600.0,10.064625024795532,10.02112512588501,4.4317700386047365,-0.03275884004514973
254,2001-05-31,10.148522680455988,10.184204491701992,46800.0,10.231136452067982,10.193977269259364,4.508212414654818,0.017248723508710873
255,2001-06-30,10.511190459841774,10.531071435837518,31504.761904761905,10.598690441676547,10.575238000778924,4.679428895314534,0.03797879623044009
256,2001-07-31,10.790952319190616,10.880476179577055,52552.38095238096,10.928928647722516,10.845238095238097,4.813933803921654,0.028743872728101083
257,2001-08-31,10.722499971804412,10.750543469968049,37634.782608695656,10.804673941239066,10.771195660466732,4.78106863602348,-0.006827091779159966
258,2001-09-30,10.604166666666666,10.736166636149088,54106.66666666666,10.775,10.67250010172526,4.740837097167969,-0.008414758690637236
259,2001-10-31,10.106304293093476,10.164565252221148,53043.47826086957,10.195217422817064,10.153152134107506,4.524721311486286,-0.04558599699845911
260,2001-11-30,9.779523713248116,9.812976246788388,81219.04761904762,9.827738035292851,9.7984524227324,4.3666495595659525,-0.034935135456643174
261,2001-12-31,10.651875019073486,10.680874967575074,174220.0,10.788875007629397,10.755624961853028,4.795903611183166,0.09830283968560138
262,2002-01-31,11.278214227585565,11.316071374075753,53657.142857142855,11.363571575709752,11.324285779680524,5.064782437824068,0.05606426826717814
263,2002-02-28,11.88197361795526,11.924342004876388,61536.84210526316,12.025657854582134,11.978289353220086,5.357284646285208,0.05775217633766827
264,2002-03-31,12.560375118255616,12.607999992370605,54600.0,12.74750018119812,12.64212498664856,5.6569454908370975,0.05593521052865413
265,2002-04-30,13.623977184295654,13.68443181297996,92000.0,13.833636370572178,13.751136302947998,6.169633388519287,0.09062981047150309
266,2002-05-31,14.020454580133611,14.16284092989835,75654.54545454546,14.226818214763297,14.119431842457164,6.334873567927968,0.026782819821379755
267,2002-06-30,12.504374980926514,12.652874946594238,103120.0,12.7989999294281,12.614625024795531,5.662565207481384,-0.10612814182280272
268,2002-07-31,12.523750001733951,12.720227284864944,112909.09090909093,12.98602277582342,12.73761359128085,5.734073053706776,0.012628171792338216
269,2002-08-31,13.241477272727272,13.35136365890503,64109.09090909091,13.495000058954412,13.382727319544012,6.024483182213523,0.05064639494242451
270,2002-09-30,13.772749996185302,13.942374992370606,101740.0,14.085374975204468,13.899625015258788,6.260218358039856,0.039129526748835186
271,2002-10-31,13.543152145717457,13.759565187537152,142243.47826086957,13.928478282430898,13.767608601114024,6.21855001864226,-0.006656052075896368
272,2002-11-30,12.650999927520752,12.90824990272522,143470.0,13.03574995994568,12.835249900817873,5.797421836853028,-0.06772128237720276
273,2002-12-31,12.65357140132359,12.774285679771786,416761.90476190473,13.035714376540412,12.902380897885276,5.830671128772554,0.005735185890418881
274,2003-01-31,13.61404764084589,13.757380894252233,179676.19047619047,13.859285854157948,13.723333313351583,6.218792824518113,0.06656552687910988
275,2003-02-28,12.876315819589715,13.029999983938117,203157.8947368421,13.168421042592902,13.003420980353104,5.892561636473003,-0.052458925269051604
276,2003-03-31,12.97476191747756,13.10000010899135,154019.04761904763,13.215000061761764,13.124047688075477,5.950153963906424,0.009773733562147946
277,2003-04-30,14.458333333333334,14.579047657194591,147771.42857142858,14.759285654340472,14.608809516543436,6.642257690429688,0.11631694418691652
278,2003-05-31,14.540714263916016,14.648571332295736,139247.61904761905,14.782857259114584,14.65833332425072,6.664774826594761,0.0033899823244611937
279,2003-06-30,15.287619045802526,15.42452371688116,121076.19047619047,15.629047530038015,15.507380939665294,7.054119950249081,0.05841834627341025
280,2003-07-31,16.6627271825617,16.885227290066805,173336.36363636365,17.081363677978516,16.854999975724652,7.687145406549627,0.08973840263067734
281,2003-08-31,16.16547625405448,16.358809879847936,110561.90476190476,16.51666663941883,16.364285605294363,7.463343007223947,-0.02911385013414669
282,2003-09-30,16.65166664123535,16.795237949916295,103819.04761904762,16.934762137276785,16.794047491891043,7.662566434769404,0.026693591243578618
283,2003-10-31,16.722608815068785,16.843912953915805,145739.13043478262,17.001739004383918,16.858695735102113,7.711857733519181,0.00643274014905959
284,2003-11-30,17.4607895299008,17.5994738528603,139315.7894736842,17.75552629169665,17.654473756489,8.075879749498869,0.04720289566513736
285,2003-12-31,18.339545596729625,18.494999972256743,103790.90909090907,18.641363577409223,18.51750001040372,8.474157723513516,0.04931697677139901
286,2004-01-31,19.071999931335448,19.20700006484985,180210.0,19.44399995803833,19.26074981689453,8.836800479888916,0.04279395878709735
287,2004-02-29,19.668421293559827,19.81289472078022,106284.2105263158,19.968421032554225,19.793421193173057,9.081189155578612,0.02765578743640118
288,2004-03-31,19.389130302097488,19.568478294040847,111565.21739130437,19.745434885439664,19.53021737803584,8.963821452596914,-0.012924265861106732
289,2004-04-30,18.56357156662714,18.810714358375183,141961.90476190476,18.946190516153973,18.715714409237812,8.611826828547887,-0.03926836627776098
290,2004-05-31,16.998000144958496,17.162250137329103,141200.0,17.345000076293946,17.188500118255615,7.909095907211304,-0.08160067954537309
291,2004-06-30,17.93619037809826,18.03166661943708,187180.9523809524,18.16785712469192,18.03071439833868,8.30097162155878,0.049547472801559245
292,2004-07-31,18.28309522356306,18.4492856888544,206476.19047619047,18.5995238167899,18.46809532528832,8.52851422627767,0.027411562777534426
293,2004-08-31,17.99931812286377,18.184999899430707,117527.27272727272,18.34840921922164,18.21818169680509,8.413104794242166,-0.013532184970731387
294,2004-09-30,18.79357138134184,18.934285845075333,141247.61904761905,19.151904696509952,18.98023814246768,8.769340469723655,0.04234294998028476
295,2004-10-31,18.59047626313709,18.843809581938245,152095.2380952381,19.069047655378068,18.86642855689639,8.742772329421271,-0.0030296623097382236
296,2004-11-30,19.518095379783997,19.64642860775902,122485.71428571428,19.83404758998326,19.727380843389604,9.141740163167318,0.04563401844554926
297,2004-12-31,20.606363556601785,20.766136256131254,152945.45454545456,20.965681769631125,20.790454517711293,9.63881388577548,0.0543740812729403
298,2005-01-31,20.29949979782105,20.481250095367432,283030.0,20.721000099182127,20.49324998855591,9.528616046905515,-0.011432717777919765
299,2005-02-28,21.83894749691612,22.03157876667224,191336.84210526315,22.246842233758223,22.065263145848323,10.259543669851205,0.07670868669150144
300,2005-03-31,21.216817942532625,21.43340908397328,122872.72727272728,21.585227272727277,21.370908997275613,9.941166227514094,-0.031032320011727066
301,2005-04-30,20.98547626677013,21.299285616193497,213600.0,21.636904943557013,21.295476186843143,9.935177212669736,-0.0006024459009429384
302,2005-05-31,21.84309532528832,22.09500003996349,161895.2380952381,22.365714300246463,22.163571403140114,10.340178580511184,0.04076438287632911
303,2005-06-30,22.156136426058683,22.367045229131524,136772.72727272726,22.565681630914863,22.3890907981179,10.45049255544489,0.010668478699354722
304,2005-07-31,23.10649995803833,23.34099998474121,155060.0,23.609499835968016,23.417749977111814,10.964407539367675,0.04917614946819193
305,2005-08-31,22.78934785594111,23.030434732851774,108686.95652173914,23.258260892785117,23.019565167634383,10.777973050656524,-0.017003608087510336
306,2005-09-30,22.85976201012021,23.140952246529714,180504.7619047619,23.340476172310964,23.14095233735584,10.840196518670943,0.005773206865703706
307,2005-10-31,23.533333369663783,23.75666691008068,373476.1904761905,24.190238044375462,23.956904820033483,11.256038029988607,0.03836106758779012
308,2005-11-30,26.99976176307315,27.278809683663503,321495.2380952381,27.49142873854864,27.22571436564128,12.791873886471702,0.13644551061317345
309,2005-12-31,25.54642849876767,25.78452391851516,232161.9047619048,25.98499988374256,25.694047382899694,12.077911740257626,-0.05581372616322777
310,2006-01-31,26.790499782562257,26.999499797821045,293560.0,27.313250064849854,27.10550012588501,12.7784930229187,0.058005166598951385
311,2006-02-28,26.03263172350432,26.34973676581132,292831.5789473684,26.566842229742758,26.31052649648566,12.40371433057283,-0.029328864653577758
312,2006-03-31,27.029782502547555,27.228260952493414,211043.4782608696,27.47804359767748,27.32543456036112,12.887546290522035,0.03900702217533736
313,2006-04-30,26.447105206941306,26.94868429083573,339978.94736842107,27.102894833213405,26.7634210084614,12.655754842256243,-0.017985692779723284
314,2006-05-31,24.202272588556465,24.41840926083652,374727.2727272727,24.65704562447288,24.365681821649726,11.521924235604024,-0.08959012092004803
315,2006-06-30,23.264772588556465,23.492272810502485,268954.54545454547,23.70386366410689,23.463182015852496,11.10140054876154,-0.03649769589206464
316,2006-07-31,23.14300012588501,23.438500022888185,238070.0,23.67725028991699,23.441500091552733,11.129904317855836,0.0025675831593587883
317,2006-08-31,23.30065213079038,23.49608686695928,162834.78260869565,23.685869216918945,23.514565094657566,11.16459668200949,0.0031170406467913025
318,2006-09-30,25.054000091552734,25.23400001525879,181290.0,25.438749980926517,25.270999813079836,12.005322694778442,0.07530285568879425
319,2006-10-31,26.175227251919832,26.400681842457164,199000.0,26.58909086747603,26.49499988555908,12.626453746448863,0.05173797218633469
320,2006-11-30,27.566666830153693,27.735476085117885,176704.7619047619,27.94095230102539,27.78476197378976,13.241104807172505,0.04867962715948715
321,2006-12-31,27.61350011825561,27.77674980163574,240810.0,27.94574995040893,27.776000022888184,13.24410696029663,0.0002267298059976941
322,2007-01-31,26.84549989700317,27.18724994659424,401840.0,27.33100004196167,27.07224998474121,12.947137832641602,-0.022422737036576823
323,2007-02-28,28.556052659687243,28.69631586576763,310778.94736842107,28.8786842948512,28.72421063874897,13.73717915384393,0.061020538393475654
324,2007-03-31,27.44704532623291,27.665908900174227,294463.63636363635,27.879318237304688,27.6622727134011,13.235825755379416,-0.0364960952208464
325,2007-04-30,27.81500005722046,28.06149997711181,339490.0,28.20999984741211,28.036749935150148,13.45687918663025,0.016701143950991648
326,2007-05-31,28.19181806390936,28.396818334406078,314227.2727272727,28.659545638344504,28.448863809758965,13.654683069749312,0.014699090359344691
327,2007-06-30,28.32119033450172,28.54738108317057,295104.7619047619,28.717619123912996,28.503571555728005,13.68851934160505,0.0024779975985453895
328,2007-07-31,28.559523718697683,28.811190468924387,403361.90476190473,29.08404758998326,28.83071418035598,13.892441295442127,0.014897298148038196
329,2007-08-31,28.921956601350203,29.381304367728852,508113.04347826086,29.862173660941743,29.295434951782227,14.116373310918393,0.016118982309447194
330,2007-09-30,28.532631522730775,28.847368441129987,302610.5263157895,29.09842109680176,28.78105263960989,13.876945345025314,-0.016961011204477794
331,2007-10-31,28.766521619713824,29.11152184527853,298800.0,29.39239145361859,29.10391301694124,14.078654413637908,0.014535552572807697
332,2007-11-30,28.604047502790177,28.98476182846796,375390.4761904762,29.38738105410621,29.05952399117606,14.057181767054969,-0.0015251916804023269
333,2007-12-31,28.85049991607666,29.22674989700317,258030.0,29.49374990463257,29.14925012588501,14.108781909942628,0.0036707317115718396
334,2008-01-31,26.582381021408807,27.10476203191848,381942.8571428572,27.76476197015672,27.22785722641718,13.22401255653018,-0.06271054149536048
335,2008-02-29,26.4564998626709,26.87375011444092,371440.0,27.238999938964845,26.84049997329712,13.035881042480469,-0.014226507517705711
336,2008-03-31,25.0875,25.467999935150143,494310.0,25.75100011825561,25.359500122070312,12.324836587905883,-0.05454517820908922
337,2008-04-30,24.368636391379617,24.634090943769976,336272.7272727273,24.883863535794344,24.67340911518444,12.038329948078502,-0.023246283046748473
338,2008-05-31,24.593809400285995,24.86166663396926,357809.5238095238,25.152618862333757,24.92761893499465,12.16236046382359,0.010302966963028348
339,2008-06-30,25.873809541974747,26.13523801167806,338533.3333333333,26.424285707019624,26.13047608875093,12.757636796860467,0.048944144913933396
340,2008-07-31,24.944772546941586,25.39909076690674,442209.0909090909,25.94409075650302,25.503181630914863,12.50243347341364,-0.02000396527275561
341,2008-08-31,27.64119057428269,27.96833338056292,260847.61904761905,28.313809531075613,28.055476143246604,13.753647304716564,0.10007762360532646
342,2008-09-30,29.189999989100865,29.784762064615887,391761.90476190473,30.68833323887416,29.912380854288735,14.672473634992327,0.06680601224670557
343,2008-10-31,25.17021751403809,26.20239133420198,327052.17391304346,27.407391340836234,26.308260876199476,12.947181743124258,-0.11758698190831485
344,2008-11-30,26.87000003613924,27.71631602237099,373926.3157894737,28.603683873226768,27.78157896744577,13.672252655029297,0.0560022193470866
345,2008-12-31,28.392045454545453,28.99022726579146,334281.8181818182,29.74295442754572,29.1120453747836,14.335916822606867,0.04854095256449509
346,2009-01-31,28.0354998588562,28.542000007629397,351670.0,29.10075006484985,28.49724988937378,14.086397075653077,-0.017405217262443484
347,2009-02-28,26.458947332281817,27.01894730015805,331978.94736842107,27.444210554424085,26.8884210084614,13.291142062137002,-0.05645553005818593
348,2009-03-31,23.23659107901833,23.88977267525413,345990.9090909091,24.36250001733953,23.87045461481268,11.80794434113936,-0.11159294769882011
349,2009-04-30,24.719285692487443,25.22166669936407,332685.71428571426,25.595476332164942,25.25928560892741,12.550825754801432,0.06291369540706948
350,2009-05-31,22.82425003051758,23.28274984359741,391190.0,23.56925001144409,23.22475004196167,11.53990693092346,-0.0805460010064466
351,2009-06-30,23.11681825464422,23.381818077780984,240681.81818181815,23.60886357047341,23.33431781422008,11.60349009253762,0.005509850468878197
352,2009-07-31,23.08590897646817,23.2874999479814,305200.0,23.57840902155096,23.36090928857977,11.677752754905008,0.006400028075617348
353,2009-08-31,25.682619004022506,25.848095212663925,167704.7619047619,26.06285703749884,25.9480954124814,12.971048082624163,0.11074864786599736
354,2009-09-30,26.289285568963912,26.48452377319336,141076.19047619047,26.70999999273391,26.48523793901716,13.249357041858492,0.021456165875072708
355,2009-10-31,26.193408966064453,26.44249985434792,185554.54545454544,26.688409198414195,26.403636152094062,13.266373070803557,0.0012842909200276864
356,2009-11-30,25.229250144958492,25.407999992370605,140320.0,25.6102502822876,25.439499950408937,12.78194808959961,-0.03651525391442989
357,2009-12-31,26.37772724845193,26.55545442754572,192236.36363636365,26.77818185632879,26.56477251919833,13.356929649006236,0.044983875335441015
358,2010-01-31,25.78105263960989,26.077894913522822,163336.84210526315,26.27236848128469,26.058684298866677,13.161323898716978,-0.014644514527619168
359,2010-02-28,25.87184213337145,26.065526159186117,171389.47368421053,26.24868402983013,26.113947115446397,13.189235185322008,0.0021207050916627335
360,2010-03-31,27.794347763061523,27.90152159981105,166956.52173913043,28.081304384314496,27.981521689373515,14.141735118368398,0.07221798077468544
361,2010-04-30,28.85523805164156,29.051428749447776,163961.90476190476,29.270714441935223,29.09190477643694,14.76561251140776,0.04411604289130122
362,2010-05-31,27.720499801635743,28.034749889373774,228470.0,28.30324993133545,27.992499923706056,14.20760922431946,-0.03779073077105277
363,2010-06-30,27.01704554124312,27.308181762695312,195472.7272727273,27.53022705424916,27.252500013871625,13.841845512390137,-0.025744212566266134
364,2010-07-31,26.84142866588774,27.164285932268417,174523.80952380953,27.413571403140114,27.14476203918457,13.85059611002604,0.0006321843158898499
365,2010-08-31,26.81090892444957,27.047727498141203,146145.45454545456,27.276817928661,27.056818181818183,13.805723537098276,-0.0032397575217201213
366,2010-09-30,27.367142904372443,27.574999945504324,170257.14285714287,27.800476255871,27.641666775658017,14.114807583036876,0.02238810918587797
367,2010-10-31,28.60571425301688,28.88619041442871,160380.95238095237,29.12142853509812,28.865237917218888,14.80471420288086,0.048878216425217946
368,2010-11-30,28.90452394031343,29.164523805890763,125790.47619047618,29.37571443830217,29.189285823277064,14.970914749872115,0.011226190841219674
369,2010-12-31,27.42795432697643,27.722045725042168,608127.2727272727,27.936363567005504,27.58431807431308,15.221006566827947,0.01670517941851002
370,2011-01-31,26.105749988555907,26.32875003814697,260900.0,26.468249988555907,26.277249908447267,15.303565502166748,0.005424012858566529
371,2011-02-28,28.004736749749437,28.159473820736533,182515.7894736842,28.38815789473684,28.242368597733343,16.46142457660876,0.07565943206359838
372,2011-03-31,27.856304500413977,28.092391304347824,132695.65217391303,28.30434790901516,28.10891308991805,16.453739041867465,-0.00046688150867668643
373,2011-04-30,29.05100011825561,29.186999988555907,153620.0,29.34075012207031,29.222749996185303,17.105731391906737,0.03962578647809112
374,2011-05-31,29.59357161748977,29.77142842610677,152180.95238095237,29.96500015258789,29.80476206824893,17.459126154581707,0.020659435985424857
375,2011-06-30,29.69500004161488,29.84818163785068,159336.36363636365,30.05340896953236,29.90113648501309,17.59170592914928,0.0075937233853358155
376,2011-07-31,31.530249881744385,31.76949987411499,191210.0,32.0164999961853,31.79099998474121,18.703566074371334,0.06320365686534757
377,2011-08-31,29.821086966473125,30.311956737352453,247826.08695652173,30.834565287050992,30.340652051179305,17.862369951994523,-0.044975173131794666
378,2011-09-30,30.772381192161923,31.11071423121861,202619.04761904763,31.590475809006463,31.176428840273903,18.433921178181965,0.031997502443600556
379,2011-10-31,33.75571450733003,34.171428226289294,274457.14285714284,34.637142544700986,34.246666317894345,20.249283200218564,0.0984794284671906
380,2011-11-30,34.93761898222424,35.222142719087145,217600.0,35.6447617667062,35.30261920747303,21.10419464111328,0.04221934339312772
381,2011-12-31,35.40095247541155,35.714761461530415,243800.0,36.07142857142857,35.69142841157459,22.77416892278762,0.07912996966115182
382,2012-01-31,36.32975025177002,36.770499801635744,222150.0,36.96199970245361,36.6362497329712,23.377045726776124,0.02647195627785437
383,2012-02-29,35.63824977874756,35.95799961090088,153890.0,36.12799987792969,35.86400032043457,22.898517608642575,-0.020469999662337313
384,2012-03-31,35.09522680802779,35.38431809165261,173772.72727272726,35.58772745999423,35.36045421253551,22.65802140669389,-0.010502697426051477
385,2012-04-30,34.72899971008301,34.98575000762939,291000.0,35.152499961853025,34.93549995422363,22.385723400115968,-0.01201773101412451
386,2012-05-31,33.8895452672785,34.1104547327215,159354.54545454544,34.36840907010165,34.11113582957875,21.8712757283991,-0.022981060853910162
387,2012-06-30,33.39404732840402,33.66547648111979,198285.7142857143,33.96785699753534,33.673333485921226,21.67882792154948,-0.008799112097504835
388,2012-07-31,33.38047608875093,33.74166652134487,164600.0,34.02904792059036,33.689524060203915,21.689252580915177,0.0004808682186796531
389,2012-08-31,31.546739163606063,31.78652166283649,148973.91304347827,32.044782306837,31.776521931523863,20.471119590427566,-0.05616297684501459
390,2012-09-30,32.745789778859994,32.99868443137721,128652.63157894736,33.250789642333984,33.0718425951506,21.39919260928505,0.045335723566944264
391,2012-10-31,34.12690462384905,34.383333297002885,116761.90476190476,34.68571454002743,34.42023794991629,22.271674019949774,0.04077169763340316
392,2012-11-30,33.31071454002743,33.63523882911319,163247.61904761905,33.95499965122768,33.684762500581286,22.04153769356864,-0.010333140031368648
393,2012-12-31,31.88175001144409,32.145249652862546,169370.0,32.370499801635745,32.15150003433227,22.5055983543396,0.021053914986447042
394,2013-01-31,33.26476215180897,33.47333326793852,154533.33333333334,33.74714279174805,33.55714271182106,23.48952920096261,0.04371938177921342
395,2013-02-28,34.3084208839818,34.50552629169665,152631.57894736843,34.76210503829153,34.528684515702096,24.18743565208033,0.029711385236666166
396,2013-03-31,35.053999710083005,35.24025039672851,135270.0,35.51849994659424,35.33174991607666,24.84790916442871,0.027306471088909046
397,2013-04-30,35.828182047063656,36.10136378895152,137090.9090909091,36.32181791825728,36.11500029130416,25.3987492648038,0.02216846885305146
398,2013-05-31,36.88045449690385,37.04340934753418,142836.36363636365,37.3100001595237,37.12340892444957,26.124230298129,0.028563651924802924
399,2013-06-30,37.20399990081787,37.5357500076294,131520.0,37.84425010681152,37.57575035095215,26.545440864562988,0.01612336752612964
400,2013-07-31,40.69500038840554,41.03886344216087,150209.0909090909,41.36068153381348,41.13159110329368,29.057468847794965,0.09463123991982458
401,2013-08-31,40.33295475352895,40.64818174188788,83727.27272727272,40.94568131186745,40.61045421253551,28.705680240284316,-0.012106650078619774
402,2013-09-30,40.80349998474121,41.13449993133545,93020.0,41.5129997253418,41.281249809265134,29.28862934112549,0.020307796086402652
403,2013-10-31,45.107608795166016,45.50173883852752,167278.26086956522,45.975435008173406,45.607174583103344,32.35782938418181,0.1047915219011879
404,2013-11-30,48.57024993896484,49.010250091552734,141900.0,49.40800037384033,49.087249755859375,35.006554412841794,0.08185731487770354
405,2013-12-31,47.63071423485165,48.16928554716564,173800.0,48.59476180303665,48.0009525844029,35.197317577543714,0.0054493556392953835
406,2014-01-31,44.69119026547386,45.38738087245396,180738.09523809524,45.68500010172526,45.03547613961356,33.02284622192383,-0.06177946233627829
407,2014-02-28,41.28157886705901,41.59526302939967,142794.73684210525,42.034211008172285,41.68999983135023,30.58980931733784,-0.0736773834767368
408,2014-03-31,43.94428580147879,44.36095264979771,147171.42857142858,44.73666654314314,44.29047611781529,32.608487083798366,0.06599183883491455
409,2014-04-30,42.75761885870071,43.33333297002884,139328.57142857142,43.61380949474516,43.204761868431454,31.809136708577476,-0.024513568297930943
410,2014-05-31,43.46047664823986,43.80047625587101,132238.09523809524,44.15761965797061,43.9004758199056,32.340250560215544,0.016696896130942385
411,2014-06-30,45.05428514026461,45.32285690307617,108985.71428571428,45.70999981108166,45.43428548177084,33.58497819446382,0.038488496925237925
412,2014-07-31,44.7763637195934,45.1618182442405,108150.0,45.48681831359863,45.10272719643333,33.339889006181195,-0.0072975836656350435
413,2014-08-31,44.18476213727679,44.463333493187314,83961.90476190476,44.77857135591053,44.5528571719215,32.95226033528646,-0.011626573526470563
414,2014-09-30,43.80952362787156,44.10285713559105,121680.95238095238,44.40666671026321,44.11142876034691,32.73637135823568,-0.006551568082253767
415,2014-10-31,45.34434824404509,45.57956546285878,139269.5652173913,46.16000034498132,45.84999980097232,34.0266168013863,0.0394132089055137
416,2014-11-30,48.4668422498201,48.9078947368421,120110.52631578948,49.23736853348581,48.79631584569027,36.57716429860968,0.07495742265858985
417,2014-12-31,46.49954518404874,46.90499981966886,146427.27272727274,47.42772709239613,47.03500002080744,37.24981533397328,0.018389917541780765
418,2015-01-31,47.6810001373291,48.390999984741214,137065.0,48.78349990844727,48.23000011444092,38.19620704650879,0.025406614879842415
419,2015-02-28,48.56789478502776,48.94684219360352,102826.31578947368,49.391052647640834,49.04578921669408,38.86471517462479,0.01750195058116666
420,2015-03-31,50.16681827198375,50.59272766113281,141904.54545454544,51.10454559326172,50.78454607183283,40.36771427501332,0.038672587554941185
421,2015-04-30,50.50952402750651,51.01190439860026,155214.2857142857,51.39619064331055,50.903808775402254,40.4625129699707,0.002348379061334782
422,2015-05-31,48.86900005340576,49.38400001525879,96185.0,49.67649974822998,49.26800022125244,39.18510456085205,-0.03157016990187156
423,2015-06-30,50.379545731977984,50.85590882734819,126472.72727272728,51.2527268149636,50.9118182442405,40.62745042280717,0.0368085240072602
424,2015-07-31,53.44772737676447,53.86227312954989,210863.63636363635,54.37363624572754,53.89590922268954,43.00874536687677,0.05861295550883994
425,2015-08-31,53.99238059634254,54.6028569539388,113123.80952380953,55.066666739327566,54.58238111223493,43.578146253313335,0.013239188485490994
426,2015-09-30,53.737618945893786,54.12809535435268,154852.38095238095,54.58476184663319,54.15904780796596,43.37520054408482,-0.004657052368607473
427,2015-10-31,56.77818142284047,57.1904543096369,148681.81818181818,57.91227254000577,57.484999743374914,46.03890748457475,0.061410827087304165
428,2015-11-30,60.84000034332276,61.23700008392334,106515.0,61.735499954223634,61.3480001449585,49.3961950302124,0.0729228326445952
429,2015-12-31,59.77318156849254,60.26318203319203,179500.0,60.89500028436834,60.29272738370028,50.026023691350765,0.012750550133530325
430,2016-01-31,59.96157877068771,60.8826316030402,411215.7894736842,61.88315803126285,60.90315768593237,50.5325090508712,0.010124437685580023
431,2016-02-29,60.9439998626709,61.46650009155273,199860.0,62.27050018310547,61.7189998626709,51.23303642272949,0.0138629049895993
432,2016-03-31,65.0,65.4195447401567,225450.0,66.0904541015625,65.66909096457742,54.64982032775879,0.0666910287502196
433,2016-04-30,63.61095228649321,64.18666676112584,195695.2380952381,64.74285743350075,64.14142826625279,53.37850189208984,-0.023262993877094185
434,2016-05-31,64.57904743012928,65.04523813156854,166742.85714285713,65.73523802984329,65.30523754301525,54.37096604846773,0.01859295636254954
435,2016-06-30,65.23045487837358,65.61045438593084,191786.36363636365,66.2618179321289,65.85590934753418,54.97307447953658,0.011074080061996838
436,2016-07-31,68.03250007629394,68.55349998474121,116860.0,68.87450065612794,68.42550010681153,57.11803550720215,0.039018393058296574
437,2016-08-31,68.9208689150603,69.22652169932489,100586.95652173914,69.62695677384086,69.33173934273098,57.896518375562586,0.013629370503512428
438,2016-09-30,68.03952353341239,68.56714339483352,145066.66666666666,69.03523908342633,68.53285762241909,57.37061309814453,-0.009083538910001798
439,2016-10-31,63.41666612170992,64.24047597249348,241952.38095238092,64.60952413649787,63.90619041806176,53.49750972929455,-0.0675102314528907
440,2016-11-30,58.88095238095238,59.46857125418527,207476.19047619047,60.12904739379883,59.59999974568685,50.14885911487398,-0.06259451386364046
441,2016-12-31,61.63714272635324,62.197619120279946,206738.09523809524,62.79714293706985,62.32380912417457,54.01553417387463,0.07710394866896997
442,2017-01-31,59.29700012207032,60.031500244140624,231090.0,60.44000034332275,59.79349994659424,51.82253684997559,-0.04059938233397509
443,2017-02-28,59.06526304546156,59.49105232640317,150989.47368421053,59.93157878674959,59.46684265136719,51.56660963359632,-0.004938531224748188
444,2017-03-31,58.09260841037917,58.51782574860946,158269.5652173913,59.08782610685929,58.59521766330885,50.95582563980766,-0.01184456372308662
445,2017-04-30,56.83368421855726,57.499473772550886,211152.63157894736,58.143157958984375,57.44578893561112,49.956255862587376,-0.01961639841312668
446,2017-05-31,55.20454545454545,55.63227306712758,119163.63636363635,56.099999861283735,55.57000004161488,48.34964561462402,-0.03216034148721214
447,2017-06-30,55.35909080505371,55.84954539212313,134100.0,56.3268182927912,55.82318184592507,48.727046793157406,0.007805665868608314
448,2017-07-31,54.92750015258789,55.58000011444092,174555.0,56.14449958801269,55.57800025939942,48.51303215026856,-0.0043921119167620315
449,2017-08-31,54.78826108186141,55.318695565928586,124747.82608695651,55.70608702949856,55.14869590427565,48.16196076766305,-0.007236640693124907
450,2017-09-30,53.51150016784668,54.14400005340576,148795.0,54.74599990844727,54.225,47.51551342010498,-0.013422363567724638
451,2017-10-31,57.59318161010742,58.122727654197,154286.36363636365,58.63863650235263,58.1399997364391,50.94609451293945,0.07219917971848977
452,2017-11-30,58.88047627040318,59.26476197015671,145880.95238095237,59.85523859659831,59.41666648501442,52.23129108973912,0.025226596642717203
453,2017-12-31,58.16950016021728,58.730500030517575,182200.0,59.29350032806396,58.62149982452392,53.075347328186034,0.01615997270671965
454,2018-01-31,60.057142893473305,60.67904772077288,229247.61904761905,61.19952392578125,60.54380979992094,54.81578772408621,0.03279187953567875
455,2018-02-28,61.050526669150905,61.753684194464434,126547.36842105264,62.46789470471834,61.62631566900956,55.81572040758635,0.018241691399807358
456,2018-03-31,62.49333336239769,63.08904738653274,156033.33333333334,63.63999957130069,63.15047654651461,57.37009538922991,0.027848336817888564
457,2018-04-30,62.71190479823521,63.33619054158529,136723.80952380953,63.82523818243118,63.26999991280692,57.47867802211216,0.0018926695545051775
458,2018-05-31,65.4763636155562,65.94181823730469,156840.9090909091,66.52227332375266,66.0681823383678,60.03904897516424,0.044544708423306156
459,2018-06-30,67.29618980771019,67.88904680524554,145985.7142857143,68.37999943324498,67.89190455845424,61.88417979649135,0.03073217935364636
460,2018-07-31,69.5423812866211,70.05761900402251,156938.09523809524,70.78238096691314,70.34333328973679,64.11868395124164,0.03610784148870594
461,2018-08-31,75.94347812818444,76.38391345480214,114186.95652173914,76.98652151356573,76.47739145030145,69.72743556810462,0.08747452803504374
462,2018-09-30,77.67473682604339,78.19157891524465,131700.0,78.73684210526316,78.27000025699013,71.54917666786595,0.026126604039266255
463,2018-10-31,72.49782529084578,73.46043462338655,158182.60869565216,74.29826089610224,73.32391291079314,67.02779487941577,-0.06319264593970964
464,2018-11-30,73.28238060360863,73.97761971609933,139957.14285714287,74.79380979992095,74.17904772077289,67.91614823114304,0.013253507046225188
465,2018-12-31,69.34894682231702,70.56684233012952,180852.63157894736,71.25368419446443,70.15947321841591,65.17570355063991,-0.04035041373630932
466,2019-01-31,66.72476196289062,67.37952386765252,143890.47619047618,67.99190412248883,67.39571416945685,62.60826583135696,-0.039392558567290514
467,2019-02-28,68.72631554854543,69.10368387322677,103815.7894736842,69.63526354337993,69.33421044600637,64.43054922003495,0.02910611505494387
468,2019-03-31,69.55047680082775,70.06428564162482,128304.76190476192,70.59285736083984,70.03761945452008,65.26533580961681,0.012956378607467789
469,2019-04-30,73.9480950491769,74.56714339483352,158080.95238095237,75.37142871675037,74.98333340599423,69.87405577160064,0.07061512677154913
470,2019-05-31,83.15181801535867,83.72727307406339,157590.9090909091,84.63136464899236,84.15181836214933,78.43736371127042,0.12255346916831211
471,2019-06-30,86.97100028991699,87.678999710083,151295.0,88.55850028991699,87.6060001373291,81.8566234588623,0.043592231888086586
472,2019-07-31,87.34318230368875,88.16272700916637,153422.72727272726,88.99954570423473,88.34772699529475,82.5496711730957,0.008466605204912936
473,2019-08-31,90.32045537775213,91.05909070101652,111359.09090909093,92.09363590587267,91.18454534357244,85.22021345658736,0.03235073193558691
474,2019-09-30,91.16899948120115,92.16100006103515,136535.0,93.00650100708008,92.05300064086914,86.23149032592774,0.011866631498823166
475,2019-10-31,92.7073911583942,93.60739102570906,125326.08695652174,94.55130369766898,93.81956548276156,87.88633728027344,0.019190749783993155
476,2019-11-30,96.26949996948242,97.21399955749511,142465.0,97.86499977111816,97.07349891662598,91.04587936401369,0.03595032153478339
477,2019-12-31,90.40380859375,91.16904740106492,592595.2380952381,91.83619035993304,91.06761823381696,86.37532116117931,-0.051298952082837856
478,2020-01-31,91.09476107642764,91.78809538341704,240528.57142857145,93.00619070870536,92.18714323497954,87.43716140020462,0.012293328982752705
479,2020-02-29,92.35947337903474,93.37894720780224,202263.15789473685,94.06473621569182,92.84947405363384,88.08684258711965,0.007430263934820713
480,2020-03-31,75.89454512162642,78.43227317116477,334354.54545454547,81.31909145008434,79.7327273975719,75.82241370461203,-0.13923111014426304
481,2020-04-30,79.15190524146671,81.52380916050502,355647.61904761905,82.87952423095703,80.81380971272786,76.85047294980004,0.013558777608862593
482,2020-05-31,72.57200088500977,73.90250015258789,273000.0,74.86950035095215,73.83400039672851,70.23540878295898,-0.0860770781614073
483,2020-06-30,80.33318120783025,81.55863605846058,230836.36363636365,82.87136320634322,81.55409102006392,77.7852949662642,0.10749401639614331
484,2020-07-31,82.49408999356356,83.77999981966886,222495.45454545456,85.1359089938077,83.70772656527433,79.83940748734908,0.026407465858113044
485,2020-08-31,90.89190492175874,91.64952414376395,164552.38095238095,92.70857166108632,91.81999969482422,87.59843045189267,0.09718287257796909
486,2020-09-30,86.85142916724796,88.30285753522601,177423.80952380953,89.17047664097377,87.78380948021298,83.93829309372674,-0.04178313857091309
487,2020-10-31,85.22500055486506,86.3577273975719,127304.54545454546,87.89136401089755,86.5377266623757,82.74679704145952,-0.01419490447508609
488,2020-11-30,97.46850051879883,98.90000076293946,132090.0,100.10600090026855,98.77949981689451,94.56733627319336,0.14285192484019982
489,2020-12-31,100.91590881347656,102.18999932029033,147495.45454545456,103.38136326182972,102.39999944513494,99.1265095797452,0.048210867369478994
490,2021-01-31,101.18789472078022,102.8036840338456,160500.0,104.07631562885486,102.51000012849508,99.23299568577816,0.001074244482978548
491,2021-02-28,101.45000016061884,102.58947352359168,99868.42105263156,103.846315885845,102.86105226215564,99.59668490761204,0.0036650029490745695
492,2021-03-31,110.40130383035412,111.7800004378609,152473.91304347827,113.37478206468666,111.88130486529806,108.54667431375256,0.08986232236989333
493,2021-04-30,113.05619158063617,114.26523808070591,120709.52380952382,115.3152378627232,114.02999950590588,110.6313269478934,0.019205126709964215
494,2021-05-31,107.37299957275393,108.59549903869627,111325.0,109.50000038146972,108.40300025939942,105.19657936096192,-0.04912485221741225
495,2021-06-30,103.05227314342152,103.89500011097302,134500.0,104.70818155462092,103.86818209561434,101.01437204534358,-0.03975611508495824
496,2021-07-31,104.90333266485304,105.92523665655229,134290.47619047618,107.02142842610677,106.03285725911458,103.11957041422528,0.020840582644385597
497,2021-08-31,108.3813636086204,109.10863633589312,114613.63636363635,109.9750002080744,109.14681833440608,106.16986777565695,0.02958019849364013
498,2021-09-30,103.20428648449126,104.4433328537714,119461.90476190476,104.97904750279018,103.8538099016462,101.22898755754744,-0.046537499967032825
499,2021-10-31,103.23809560139972,104.56952485584075,109604.76190476192,105.43285733177548,104.2480951944987,101.61330740792413,0.003796539505625418
500,2021-11-30,109.92047627766928,111.29285794212704,105876.19047619047,112.26095254080636,111.06380971272786,108.46091206868488,0.06738885718256582
501,2021-12-31,108.0740914778276,109.34409020163795,128222.72727272728,110.44000001387164,109.426363511519,108.91494577581231,0.0041861505538502986
502,2022-01-31,106.76800003051758,108.5379997253418,143685.0,109.58250007629394,107.91600036621094,107.41164054870606,-0.013802561406040748
503,2022-02-28,100.0715785779451,101.1057895861174,138257.8947368421,102.22105327405428,101.1468421534488,100.701012460809,-0.06247579921148405
504,2022-03-31,105.59043453050695,106.67652196469514,147621.73913043478,107.84260857623556,106.87304355787194,106.64185233738112,0.05899483760289104
505,2022-04-30,110.92350006103516,112.12449989318849,162145.0,113.39049987792968,112.19249954223632,111.94980087280274,0.04977359656721769
506,2022-05-31,115.20619020007904,117.1123806181408,199490.47619047615,118.48047637939452,117.37095278785344,117.14190637497674,0.046378872152468276
507,2022-06-30,118.20499992370604,120.25749969482422,111786.5,120.72249794006348,119.77499961853027,119.77499961853027,0.022477807686728912
